quality_bucket,market_count,market_share_pct,volume_24h_sum,volume_24h_share_pct,volume_total_sum,avg_liquidity
No volume,5,1.000000,<nil>,<nil>,<nil>,14975
Shallow (<$5k liq),24,4.800000,9025.188317999999,0.03,1.3965324852130013e+06,3065
Deep (>=$5k liq),471,94.200000,3.0185360637766004e+07,99.97,3.3353782047176166e+09,487092
